Date,Open,High,Low,Close,Adj Close,Volume,100ma
2015-12-31,2060.590088,2062.540039,2043.619995,2043.939941,2043.939941,2655330000,2043.939941
2016-01-04,2038.199951,2038.199951,1989.680054,2012.660034,2012.660034,4304880000,2028.2999875
2016-01-05,2013.780029,2021.939941,2004.1700440000002,2016.709961,2016.709961,3706620000,2024.4366453333332
2016-01-06,2011.709961,2011.709961,1979.050049,1990.2600100000002,1990.2600100000002,4336660000,2015.8924865
2016-01-07,1985.319946,1985.319946,1938.8299559999998,1943.089966,1943.089966,5076590000,2001.3319823999998
2016-01-08,1945.969971,1960.4000239999998,1918.459961,1922.030029,1922.030029,4664940000,1988.1149901666665
2016-01-11,1926.119995,1935.6500239999998,1901.0999760000002,1923.6700440000002,1923.6700440000002,4607290000,1978.908569285714
2016-01-12,1927.8299559999998,1947.380005,1914.3499760000002,1938.680054,1938.680054,4887260000,1973.880004875
2016-01-13,1940.339966,1950.3299559999998,1886.410034,1890.280029,1890.280029,5087030000,1964.5911186666667
2016-01-14,1891.680054,1934.469971,1878.930054,1921.839966,1921.839966,5241110000,1960.3160034
2016-01-15,1916.680054,1916.680054,1857.8299559999998,1880.3299559999998,1880.3299559999998,5468460000,1953.0445445454548
2016-01-19,1888.660034,1901.439941,1864.5999760000002,1881.3299559999998,1881.3299559999998,4928350000,1947.0683288333337
2016-01-20,1876.180054,1876.180054,1812.290039,1859.3299559999998,1859.3299559999998,6416070000,1940.3192232307697
2016-01-21,1861.459961,1889.8499760000002,1848.97998,1868.9899899999998,1868.9899899999998,5078810000,1935.2242780000001
2016-01-22,1877.4000239999998,1908.8499760000002,1877.4000239999998,1906.9000239999998,1906.9000239999998,4901760000,1933.3359944000001
2016-01-25,1906.280029,1906.280029,1875.969971,1877.0799559999998,1877.0799559999998,4401380000,1929.8199920000002
2016-01-26,1878.790039,1906.72998,1878.790039,1903.630005,1903.630005,4357940000,1928.279404529412
2016-01-27,1902.52002,1916.9899899999998,1872.699951,1882.949951,1882.949951,4754040000,1925.7611015555558
2016-01-28,1885.219971,1902.959961,1873.6500239999998,1893.359985,1893.359985,4693010000,1924.0557796315793
2016-01-29,1894.0,1940.2399899999998,1894.0,1940.2399899999998,1940.2399899999998,5497570000,1924.8649901500005
2016-02-01,1936.939941,1947.199951,1920.300049,1939.380005,1939.380005,4322530000,1925.5561813333338
2016-02-02,1935.2600100000002,1935.2600100000002,1897.290039,1903.030029,1903.030029,4463190000,1924.5322653181822
2016-02-03,1907.069946,1918.0100100000002,1872.22998,1912.530029,1912.530029,5172950000,1924.0104289565222
2016-02-04,1911.6700440000002,1927.3499760000002,1900.52002,1915.449951,1915.449951,5193320000,1923.6537423750005
2016-02-05,1913.069946,1913.069946,1872.6500239999998,1880.050049,1880.050049,4929940000,1921.9095946400005
2016-02-08,1873.25,1873.25,1828.459961,1853.439941,1853.439941,5636460000,1919.2761464230773
2016-02-09,1848.459961,1868.25,1834.939941,1852.209961,1852.209961,5183220000,1916.79221362963
2016-02-10,1857.0999760000002,1881.5999760000002,1850.319946,1851.859985,1851.859985,4471170000,1914.4732054642861
2016-02-11,1847.0,1847.0,1810.0999760000002,1829.0799559999998,1829.0799559999998,5500800000,1911.5286106551728
2016-02-12,1833.4000239999998,1864.780029,1833.4000239999998,1864.780029,1864.780029,4696920000,1909.9703246000004
2016-02-16,1871.439941,1895.77002,1871.439941,1895.5799559999998,1895.5799559999998,4570670000,1909.5061191612908
2016-02-17,1898.800049,1930.680054,1898.800049,1926.819946,1926.819946,5011540000,1910.0471762500006
2016-02-18,1927.569946,1930.0,1915.089966,1917.8299559999998,1917.8299559999998,4436490000,1910.2830180606068
2016-02-19,1916.7399899999998,1918.780029,1902.1700440000002,1917.780029,1917.780029,4142850000,1910.5035183823536
2016-02-22,1924.439941,1946.699951,1924.439941,1945.5,1945.5,4054710000,1911.5034178571434
2016-02-23,1942.380005,1942.380005,1919.439941,1921.27002,1921.27002,3890650000,1911.7747123611116
2016-02-24,1917.560059,1932.0799559999998,1891.0,1929.800049,1929.800049,4317250000,1912.261883621622
2016-02-25,1931.869995,1951.8299559999998,1925.410034,1951.699951,1951.699951,4118210000,1913.2997275000005
2016-02-26,1954.949951,1962.959961,1945.780029,1948.050049,1948.050049,4348510000,1914.1907613846158
2016-02-29,1947.130005,1958.27002,1931.810059,1932.22998,1932.22998,4588180000,1914.6417418500005
2016-03-01,1937.089966,1978.3499760000002,1937.089966,1978.3499760000002,1978.3499760000002,4819750000,1916.1956012195126
2016-03-02,1976.5999760000002,1986.5100100000002,1968.800049,1986.449951,1986.449951,4666610000,1917.8683238333338
2016-03-03,1985.5999760000002,1993.689941,1977.369995,1993.4000239999998,1993.4000239999998,5081700000,1919.6248750000004
2016-03-04,1994.0100100000002,2009.130005,1986.77002,1999.9899899999998,1999.9899899999998,6049930000,1921.4513548863642
2016-03-07,1996.109985,2006.119995,1989.380005,2001.7600100000002,2001.7600100000002,4968180000,1923.2359916666671
2016-03-08,1996.880005,1996.880005,1977.430054,1979.2600100000002,1979.2600100000002,4641650000,1924.453905108696
2016-03-09,1981.439941,1992.689941,1979.839966,1989.2600100000002,1989.2600100000002,4038120000,1925.8327584042556
2016-03-10,1990.969971,2005.0799559999998,1969.25,1989.569946,1989.569946,4376790000,1927.1606164791672
2016-03-11,1994.709961,2022.369995,1994.709961,2022.189941,2022.189941,4078620000,1929.0999904489802
2016-03-14,2019.27002,2024.569946,2012.050049,2019.640015,2019.640015,3487850000,1930.9107909400004
2016-03-15,2015.27002,2015.939941,2005.22998,2015.930054,2015.930054,3560280000,1932.577835313726
2016-03-16,2014.2399899999998,2032.02002,2010.040039,2027.219971,2027.219971,4057020000,1934.3978763846158
2016-03-17,2026.9000239999998,2046.2399899999998,2022.160034,2040.589966,2040.589966,4530480000,1936.4015007169814
2016-03-18,2041.160034,2052.360107,2041.160034,2049.580078,2049.580078,6503140000,1938.4974002962965
2016-03-21,2047.880005,2053.909912,2043.140015,2051.600098,2051.600098,3376600000,1940.5538129818183
2016-03-22,2048.639893,2056.600098,2040.569946,2049.800049,2049.800049,3418460000,1942.504638625
2016-03-23,2048.550049,2048.550049,2034.859985,2036.709961,2036.709961,3639510000,1944.1573635789475
2016-03-24,2032.47998,2036.040039,2022.4899899999998,2035.939941,2035.939941,3407720000,1945.7398218103451
2016-03-28,2037.890015,2042.6700440000002,2031.959961,2037.050049,2037.050049,2809090000,1947.2874527796612
2016-03-29,2035.75,2055.909912,2028.310059,2055.01001,2055.01001,3822330000,1949.0828287333336
2016-03-30,2058.27002,2072.209961,2058.27002,2063.949951,2063.949951,3590310000,1950.9658963114757
2016-03-31,2063.77002,2067.919922,2057.459961,2059.73999,2059.73999,3715280000,1952.7203171774195
2016-04-01,2056.6201170000004,2075.070068,2043.97998,2072.780029,2072.780029,3749990000,1954.626026888889
2016-04-04,2073.189941,2074.02002,2062.570068,2066.1298829999996,2066.1298829999996,3485710000,1956.3682746406253
2016-04-05,2062.5,2062.5,2042.560059,2045.1700440000002,2045.1700440000002,4154920000,1957.7344557076926
2016-04-06,2045.560059,2067.330078,2043.089966,2066.659912,2066.659912,3750800000,1959.3848414090912
2016-04-07,2063.01001,2063.01001,2033.800049,2041.910034,2041.910034,3801250000,1960.6165607014927
2016-04-08,2045.540039,2060.6298829999996,2041.689941,2047.5999760000002,2047.5999760000002,3359530000,1961.8957285735296
2016-04-11,2050.22998,2062.929932,2041.880005,2041.9899899999998,2041.9899899999998,3567840000,1963.0565149710148
2016-04-12,2043.719971,2065.050049,2039.7399899999998,2061.719971,2061.719971,4239740000,1964.465992914286
2016-04-13,2065.919922,2083.179932,2065.919922,2082.419922,2082.419922,4191830000,1966.1273158591555
2016-04-14,2082.889893,2087.840088,2078.1298829999996,2082.780029,2082.780029,3765870000,1967.747492430556
2016-04-15,2083.100098,2083.219971,2076.310059,2080.72998,2080.72998,3701450000,1969.2951977397263
2016-04-18,2078.830078,2094.659912,2073.649902,2094.340088,2094.340088,3316880000,1970.9849935540544
2016-04-19,2096.050049,2104.050049,2091.679932,2100.800049,2100.800049,3896830000,1972.7158609600003
2016-04-20,2101.52002,2111.050049,2096.320068,2102.399902,2102.399902,4184880000,1974.422229921053
2016-04-21,2102.090088,2103.780029,2088.52002,2091.47998,2091.47998,4175290000,1975.942460441559
2016-04-22,2091.48999,2094.320068,2081.199951,2091.580078,2091.580078,3790580000,1977.4249940000004
2016-04-25,2089.3701170000004,2089.3701170000004,2077.52002,2087.790039,2087.790039,3319740000,1978.8220198860765
2016-04-26,2089.840088,2096.8701170000004,2085.800049,2091.699951,2091.699951,3557190000,1980.2329940250006
2016-04-27,2092.330078,2099.889893,2082.310059,2095.149902,2095.149902,4100110000,1981.6517212839512
2016-04-28,2090.929932,2099.300049,2071.6201170000004,2075.810059,2075.810059,4309840000,1982.7999936951226
2016-04-29,2071.820068,2073.850098,2052.280029,2065.300049,2065.300049,4704720000,1983.793970265061
2016-05-02,2067.169922,2083.419922,2066.110107,2081.429932,2081.429932,3841110000,1984.956303142858
2016-05-03,2077.179932,2077.179932,2054.889893,2063.3701170000004,2063.3701170000004,4173390000,1985.8788186000008
2016-05-04,2060.300049,2060.300049,2045.550049,2051.1201170000004,2051.1201170000004,4058560000,1986.6374383488383
2016-05-05,2052.949951,2060.22998,2045.77002,2050.6298829999996,2050.6298829999996,4008530000,1987.3729836896562
2016-05-06,2047.77002,2057.719971,2039.449951,2057.139893,2057.139893,3796350000,1988.1657894772738
2016-05-09,2057.550049,2064.149902,2054.310059,2058.689941,2058.689941,3788620000,1988.9581956741583
2016-05-10,2062.6298829999996,2084.8701170000004,2062.6298829999996,2084.389893,2084.389893,3600200000,1990.0185478666679
2016-05-11,2083.290039,2083.290039,2064.459961,2064.459961,2064.459961,3821980000,1990.8365853736273
2016-05-12,2067.169922,2073.98999,2053.1298829999996,2064.110107,2064.110107,3782390000,1991.633036695653
2016-05-13,2062.5,2066.790039,2043.130005,2046.609985,2046.609985,3579880000,1992.22418667742
2016-05-16,2046.530029,2071.8798829999996,2046.530029,2066.659912,2066.659912,3501360000,1993.0160560957454
2016-05-17,2065.040039,2065.689941,2040.819946,2047.209961,2047.209961,4108960000,1993.586518252632
2016-05-18,2044.380005,2060.610107,2034.4899899999998,2047.630005,2047.630005,4101320000,1994.149471239584
2016-05-19,2044.209961,2044.209961,2025.910034,2040.040039,2040.040039,3846770000,1994.6225698762894
2016-05-20,2041.880005,2058.350098,2041.880005,2052.320068,2052.320068,3507650000,1995.2113198571437
2016-05-23,2052.22998,2055.580078,2047.2600100000002,2048.040039,2048.040039,3055480000,1995.7449432828291
2016-05-24,2052.649902,2079.669922,2052.649902,2076.060059,2076.060059,3627340000,1996.548094440001
2016-05-25,2078.929932,2094.72998,2078.929932,2090.540039,2090.540039,3859160000,1997.0140954200012
2016-05-26,2091.439941,2094.300049,2087.080078,2090.100098,2090.100098,3230990000,1997.7884960600013
2016-05-27,2090.060059,2099.060059,2090.060059,2099.060059,2099.060059,3079150000,1998.6119970400014
2016-05-31,2100.1298829999996,2103.47998,2088.659912,2096.949951,2096.949951,4514410000,1999.6788964500013
2016-06-01,2093.939941,2100.969971,2085.100098,2099.330078,2099.330078,3525170000,2001.2412975700013
2016-06-02,2097.709961,2105.26001,2088.590088,2105.26001,2105.26001,3632720000,2003.0735973800015
2016-06-03,2104.070068,2104.070068,2085.360107,2099.1298829999996,2099.1298829999996,3627780000,2004.8281957700012
2016-06-06,2100.830078,2113.360107,2100.830078,2109.409912,2109.409912,3442020000,2006.5354943500015
2016-06-07,2110.179932,2119.219971,2110.179932,2112.1298829999996,2112.1298829999996,3534730000,2008.7539928900014
2016-06-08,2112.709961,2120.550049,2112.709961,2119.1201170000004,2119.1201170000004,3562060000,2010.7267944000016
2016-06-09,2115.649902,2117.639893,2107.72998,2115.47998,2115.47998,3290320000,2013.0782946400016
2016-06-10,2109.570068,2109.570068,2089.959961,2096.070068,2096.070068,3515010000,2015.2256957600016
2016-06-13,2091.75,2098.1201170000004,2078.459961,2079.060059,2079.060059,3392030000,2017.4229967900017
2016-06-14,2076.649902,2081.300049,2064.100098,2075.320068,2075.320068,3759770000,2019.4862975700016
2016-06-15,2077.600098,2085.649902,2069.800049,2071.5,2071.5,3544720000,2021.1322973300016
2016-06-16,2066.360107,2079.6201170000004,2050.3701170000004,2077.98999,2077.98999,3628280000,2023.1413976700017
2016-06-17,2078.199951,2078.199951,2062.840088,2071.219971,2071.219971,4952630000,2024.8172973300016
2016-06-20,2075.580078,2100.659912,2075.580078,2083.25,2083.25,3467440000,2026.8202978200018
2016-06-21,2085.189941,2093.659912,2083.02002,2088.899902,2088.899902,3232880000,2028.775696990002
2016-06-22,2089.75,2099.709961,2084.360107,2085.449951,2085.449951,3168160000,2030.2277966000017
2016-06-23,2092.800049,2113.320068,2092.800049,2113.320068,2113.320068,3297940000,2031.9671972300016
2016-06-24,2103.810059,2103.810059,2032.569946,2037.410034,2037.410034,7597450000,2033.3109972800019
2016-06-27,2031.449951,2031.449951,1991.680054,2000.540039,2000.540039,5431220000,2034.191097380002
2016-06-28,2006.6700440000002,2036.089966,2006.6700440000002,2036.089966,2036.089966,4385810000,2035.397497530002
2016-06-29,2042.689941,2073.1298829999996,2042.689941,2070.77002,2070.77002,4241740000,2037.304697240002
2016-06-30,2073.169922,2098.939941,2070.0,2098.860107,2098.860107,4622820000,2039.758898900002
2016-07-01,2099.340088,2108.709961,2097.899902,2102.949951,2102.949951,3458890000,2042.266298800002
2016-07-05,2095.050049,2095.050049,2080.860107,2088.550049,2088.550049,3658380000,2044.6331994400023
2016-07-06,2084.429932,2100.719971,2074.02002,2099.72998,2099.72998,3909380000,2047.3396996800022
2016-07-07,2100.419922,2109.080078,2089.389893,2097.899902,2097.899902,3604550000,2049.6708984100023
2016-07-08,2106.969971,2131.709961,2106.969971,2129.899902,2129.899902,3607500000,2052.0140978700024
2016-07-11,2131.719971,2143.159912,2131.719971,2137.159912,2137.159912,3253340000,2054.1174975300023
2016-07-12,2139.5,2155.399902,2139.5,2152.139893,2152.139893,4097820000,2056.4605969000027
2016-07-13,2153.810059,2156.449951,2146.209961,2152.429932,2152.429932,3502320000,2058.8070959300026
2016-07-14,2157.8798829999996,2168.98999,2157.8798829999996,2163.75,2163.75,3465610000,2060.989595930003
2016-07-15,2165.1298829999996,2169.050049,2155.790039,2161.73999,2161.73999,3122600000,2063.394295630003
2016-07-18,2162.040039,2168.350098,2159.6298829999996,2166.889893,2166.889893,3009310000,2065.765194070003
2016-07-19,2163.790039,2164.6298829999996,2159.01001,2163.780029,2163.780029,2968340000,2067.8859948500026
2016-07-20,2166.100098,2175.6298829999996,2164.889893,2173.02002,2173.02002,3211860000,2070.135694560003
2016-07-21,2172.909912,2174.560059,2159.75,2165.169922,2165.169922,3438900000,2072.4650939800026
2016-07-22,2166.469971,2175.110107,2163.23999,2175.030029,2175.030029,3023280000,2074.4318945100026
2016-07-25,2173.709961,2173.709961,2161.949951,2168.47998,2168.47998,3057240000,2076.2521948000026
2016-07-26,2168.969971,2173.540039,2160.179932,2169.179932,2169.179932,3442350000,2078.0099938800026
2016-07-27,2169.810059,2174.97998,2159.070068,2166.580078,2166.580078,3995500000,2079.6758947600024
2016-07-28,2166.050049,2172.850098,2159.73999,2170.060059,2170.060059,3664240000,2081.3588952500027
2016-07-29,2168.830078,2177.090088,2163.48999,2173.600098,2173.600098,4038840000,2083.3022961300026
2016-08-01,2173.149902,2178.290039,2166.209961,2170.840088,2170.840088,3505990000,2085.118096910003
2016-08-02,2169.939941,2170.199951,2147.580078,2157.030029,2157.030029,3848750000,2086.7926977400025
2016-08-03,2156.810059,2163.790039,2152.560059,2163.790039,2163.790039,3786530000,2088.2086987200028
2016-08-04,2163.51001,2168.189941,2159.070068,2164.25,2164.25,3709200000,2089.6547985700026
2016-08-05,2168.790039,2182.8701170000004,2168.790039,2182.8701170000004,2182.8701170000004,3663070000,2091.3241992000026
2016-08-08,2183.76001,2185.439941,2177.850098,2180.889893,2180.889893,3327550000,2092.8608984200027
2016-08-09,2182.23999,2187.659912,2178.610107,2181.73999,2181.73999,3334300000,2094.2723986600026
2016-08-10,2182.810059,2183.409912,2172.0,2175.48999,2175.48999,3254950000,2095.5314977800026
2016-08-11,2177.969971,2188.449951,2177.969971,2185.790039,2185.790039,3423160000,2096.873397190003
2016-08-12,2183.73999,2186.280029,2179.419922,2184.050049,2184.050049,3000660000,2098.215897190003
2016-08-15,2186.080078,2193.810059,2186.080078,2190.149902,2190.149902,3078530000,2099.7502966000034
2016-08-16,2186.23999,2186.23999,2178.139893,2178.149902,2178.149902,3196400000,2101.172396210003
2016-08-17,2177.840088,2183.080078,2168.5,2182.219971,2182.219971,3388910000,2102.6240954300033
2016-08-18,2181.899902,2187.030029,2180.459961,2187.02002,2187.02002,3300570000,2103.9441955300035
2016-08-19,2184.23999,2185.0,2175.1298829999996,2183.8701170000004,2183.8701170000004,3084800000,2105.1433971900037
2016-08-22,2181.580078,2185.149902,2175.959961,2182.639893,2182.639893,2777550000,2106.372396220004
2016-08-23,2187.810059,2193.419922,2186.800049,2186.899902,2186.899902,3041490000,2107.513594950004
2016-08-24,2185.090088,2186.659912,2171.25,2175.439941,2175.439941,3148280000,2108.606695530004
2016-08-25,2173.290039,2179.0,2169.73999,2172.469971,2172.469971,2969310000,2109.879694800004
2016-08-26,2175.100098,2187.939941,2160.389893,2169.040039,2169.040039,3342340000,2110.903496070004
2016-08-29,2170.189941,2183.47998,2170.189941,2180.3798829999996,2180.3798829999996,2654780000,2112.288194560004
2016-08-30,2179.449951,2182.27002,2170.409912,2176.1201170000004,2176.1201170000004,3006800000,2113.573395970004
2016-08-31,2173.560059,2173.790039,2161.350098,2170.949951,2170.949951,3766390000,2114.8629955800043
2016-09-01,2171.330078,2173.560059,2157.090088,2170.860107,2170.860107,3392120000,2115.954396940004
2016-09-02,2177.48999,2184.8701170000004,2173.590088,2179.97998,2179.97998,3091120000,2116.929997520004
2016-09-06,2181.610107,2186.570068,2175.100098,2186.47998,2186.47998,3447650000,2117.9669970300038
2016-09-07,2185.169922,2187.8701170000004,2179.070068,2186.159912,2186.159912,3319420000,2119.021296350004
2016-09-08,2182.76001,2184.939941,2177.48999,2181.300049,2181.300049,3727840000,2119.890895960004
2016-09-09,2169.080078,2169.080078,2127.810059,2127.810059,2127.810059,4233960000,2120.160996060004
2016-09-12,2120.860107,2163.300049,2119.1201170000004,2159.040039,2159.040039,4010480000,2120.727397430004
2016-09-13,2150.469971,2150.469971,2120.27002,2127.02002,2127.02002,4141670000,2121.082797830004
2016-09-14,2127.860107,2141.330078,2119.899902,2125.77002,2125.77002,3664100000,2121.424697250004
2016-09-15,2125.360107,2151.310059,2122.360107,2147.26001,2147.26001,3373720000,2122.019396960004
2016-09-16,2146.47998,2146.47998,2131.199951,2139.159912,2139.159912,5014360000,2122.493996570004
2016-09-19,2143.98999,2153.610107,2135.909912,2139.1201170000004,2139.1201170000004,3163000000,2122.933698720004
2016-09-20,2145.939941,2150.800049,2139.169922,2139.76001,2139.76001,3140730000,2123.573198230004
2016-09-21,2144.580078,2165.110107,2139.570068,2163.1201170000004,2163.1201170000004,3712090000,2124.551398910004
2016-09-22,2170.939941,2179.98999,2170.939941,2177.179932,2177.179932,3552830000,2125.508898910004
2016-09-23,2173.290039,2173.75,2163.969971,2164.689941,2164.689941,3317190000,2126.522097150004
2016-09-26,2158.540039,2158.540039,2145.040039,2146.100098,2146.100098,3216170000,2127.4718969600035
2016-09-27,2146.040039,2161.1298829999996,2141.550049,2159.929932,2159.929932,3437770000,2128.5648974500036
2016-09-28,2161.850098,2172.399902,2151.790039,2171.3701170000004,2171.3701170000004,3891460000,2129.7071996900036
2016-09-29,2168.899902,2172.669922,2145.199951,2151.1298829999996,2151.1298829999996,4249220000,2130.6315991100037
2016-09-30,2156.51001,2175.300049,2156.51001,2168.27002,2168.27002,4173340000,2131.4704003800034
2016-10-03,2164.330078,2164.409912,2154.77002,2161.199951,2161.199951,3137550000,2132.4378002800036
2016-10-04,2163.3701170000004,2165.459961,2144.01001,2150.48999,2150.48999,3750890000,2133.3015991100037
2016-10-05,2155.149902,2163.949951,2155.149902,2159.72998,2159.72998,3906550000,2134.432799060004
2016-10-06,2158.219971,2162.929932,2150.280029,2160.77002,2160.77002,3461550000,2135.373900140004
2016-10-07,2164.189941,2165.860107,2144.850098,2153.73999,2153.73999,3619890000,2136.439200430004
2016-10-10,2160.389893,2169.600098,2160.389893,2163.659912,2163.659912,2916550000,2137.5994995000037
2016-10-11,2161.350098,2161.560059,2128.840088,2136.72998,2136.72998,3438270000,2138.566398910004
2016-10-12,2137.669922,2145.360107,2132.77002,2139.179932,2139.179932,2977100000,2139.4349975500036
2016-10-13,2130.26001,2138.189941,2114.719971,2132.550049,2132.550049,3580450000,2140.280097650004
2016-10-14,2139.679932,2149.189941,2132.97998,2132.97998,2132.97998,3228150000,2140.8492968600035
2016-10-17,2132.949951,2135.610107,2124.429932,2126.5,2126.5,2830390000,2141.2088964700033
2016-10-18,2138.310059,2144.3798829999996,2135.48999,2139.600098,2139.600098,3170000000,2141.7038964700037
2016-10-19,2140.810059,2148.439941,2138.149902,2144.290039,2144.290039,3362670000,2142.1561962700034
2016-10-20,2142.51001,2147.179932,2133.439941,2141.340088,2141.340088,3337170000,2142.6000976400037
2016-10-21,2139.429932,2142.6298829999996,2130.090088,2141.159912,2141.159912,3448850000,2143.018395980004
2016-10-24,2148.5,2154.790039,2146.909912,2151.330078,2151.330078,3357320000,2143.4790966600035
2016-10-25,2149.719971,2151.439941,2141.929932,2143.159912,2143.159912,3751340000,2143.919396950004
2016-10-26,2136.969971,2145.72998,2131.590088,2139.429932,2139.429932,3775200000,2144.2195971500037
2016-10-27,2144.060059,2147.1298829999996,2132.52002,2133.040039,2133.040039,4204830000,2144.428698710004
2016-10-28,2132.22998,2140.719971,2119.360107,2126.409912,2126.409912,4019510000,2144.501596660004
2016-10-31,2129.780029,2133.25,2125.530029,2126.149902,2126.149902,3922400000,2144.608295880004
2016-11-01,2128.679932,2131.449951,2097.850098,2111.719971,2111.719971,4532160000,2144.764794910004
2016-11-02,2109.429932,2111.76001,2094.0,2097.939941,2097.939941,4248580000,2144.953593730004
2016-11-03,2098.800049,2102.560059,2085.22998,2088.659912,2088.659912,3886740000,2145.086992170004
2016-11-04,2083.790039,2099.070068,2083.790039,2085.179932,2085.179932,3837860000,2145.223791490004
2016-11-07,2100.590088,2132.0,2100.590088,2131.52002,2131.52002,3736060000,2145.759091790004
2016-11-08,2129.919922,2146.8701170000004,2123.560059,2139.560059,2139.560059,3916930000,2146.442492670004
2016-11-09,2131.560059,2170.100098,2125.350098,2163.26001,2163.26001,6264150000,2147.2425927700037
2016-11-10,2167.48999,2182.300049,2151.169922,2167.47998,2167.47998,6451640000,2148.028393550004
2016-11-11,2162.709961,2165.919922,2152.48999,2164.449951,2164.449951,4988050000,2148.8183935500037
2016-11-14,2165.639893,2171.360107,2156.080078,2164.199951,2164.199951,5367200000,2149.327192380004
2016-11-15,2168.290039,2180.840088,2166.3798829999996,2180.389893,2180.389893,4543860000,2150.7569909700037
2016-11-16,2177.530029,2179.219971,2172.199951,2176.939941,2176.939941,3830590000,2152.5209899900037
2016-11-17,2178.610107,2188.060059,2176.649902,2187.1201170000004,2187.1201170000004,3809160000,2154.0312915000036
2016-11-18,2186.850098,2189.889893,2180.3798829999996,2181.899902,2181.899902,3572400000,2155.142590320004
2016-11-21,2186.429932,2198.699951,2186.429932,2198.179932,2198.179932,3607010000,2156.135788570004
2016-11-22,2201.560059,2204.800049,2194.51001,2202.939941,2202.939941,3957940000,2157.135688470004
2016-11-23,2198.550049,2204.719971,2194.51001,2204.719971,2204.719971,3418640000,2158.297387690004
2016-11-25,2206.27002,2213.350098,2206.27002,2213.350098,2213.350098,1584600000,2159.433588870004
2016-11-28,2210.209961,2211.139893,2200.360107,2201.719971,2201.719971,3505650000,2160.471789560004
2016-11-29,2200.76001,2210.459961,2198.149902,2204.659912,2204.659912,3706560000,2161.219389660004
2016-11-30,2204.969971,2214.100098,2198.810059,2198.810059,2198.810059,5533980000,2161.835891130004
2016-12-01,2200.169922,2202.600098,2187.439941,2191.080078,2191.080078,5063740000,2162.225292980004
2016-12-02,2191.1201170000004,2197.949951,2188.3701170000004,2191.949951,2191.949951,3779500000,2162.6204931700036
2016-12-05,2200.649902,2209.419922,2199.969971,2204.709961,2204.709961,3895230000,2163.0300927800035
2016-12-06,2207.26001,2212.780029,2202.209961,2212.22998,2212.22998,3855320000,2163.5349926800036
2016-12-07,2210.719971,2241.6298829999996,2208.929932,2241.350098,2241.350098,4501820000,2164.2795947300033
2016-12-08,2241.1298829999996,2251.689941,2237.570068,2246.189941,2246.189941,4200580000,2165.1036938500033
2016-12-09,2249.72998,2259.800049,2249.22998,2259.530029,2259.530029,3884480000,2165.9687939400033
2016-12-12,2258.830078,2264.030029,2252.3701170000004,2256.959961,2256.959961,4034510000,2166.886694330003
2016-12-13,2263.320068,2277.530029,2263.320068,2271.719971,2271.719971,3857590000,2167.8535937500037
2016-12-14,2268.350098,2276.199951,2248.439941,2253.280029,2253.280029,4406970000,2168.7015942400035
2016-12-15,2253.77002,2272.1201170000004,2253.77002,2262.030029,2262.030029,4168200000,2169.630095210003
2016-12-16,2266.810059,2268.050049,2254.23999,2258.070068,2258.070068,5920340000,2170.544995110003
2016-12-19,2259.23999,2267.469971,2258.209961,2262.530029,2262.530029,3248370000,2171.469694810003
2016-12-20,2266.5,2272.560059,2266.139893,2270.76001,2270.76001,3298780000,2172.441293930003
2016-12-21,2270.540039,2271.22998,2265.149902,2265.179932,2265.179932,2852230000,2173.384692370003
2016-12-22,2262.929932,2263.179932,2256.080078,2260.959961,2260.959961,2876320000,2174.423991690003
2016-12-23,2260.25,2263.790039,2258.840088,2263.790039,2263.790039,2020550000,2175.423991690003
2016-12-27,2266.22998,2273.820068,2266.149902,2268.8798829999996,2268.8798829999996,1987080000,2176.470290520003
2016-12-28,2270.22998,2271.310059,2249.110107,2249.919922,2249.919922,2392360000,2177.1407885700028
2016-12-29,2249.5,2254.51001,2244.560059,2249.26001,2249.26001,2336370000,2177.8244897400027
2016-12-30,2251.610107,2253.580078,2233.6201170000004,2238.830078,2238.830078,2670900000,2178.3953906200027
2017-01-03,2251.570068,2263.8798829999996,2245.1298829999996,2257.830078,2257.830078,3770530000,2179.2187915000027
2017-01-04,2261.600098,2272.820068,2261.600098,2270.75,2270.75,3764890000,2180.0683911100023
2017-01-05,2268.179932,2271.5,2260.449951,2269.0,2269.0,3761820000,2180.9178906200023
2017-01-06,2271.139893,2282.100098,2264.060059,2276.97998,2276.97998,3339890000,2181.7861914000023
2017-01-09,2273.590088,2275.48999,2268.899902,2268.899902,2268.899902,3217610000,2182.693691400002
2017-01-10,2269.719971,2279.27002,2265.27002,2268.899902,2268.899902,3638790000,2183.5604907100023
2017-01-11,2268.600098,2275.320068,2260.830078,2275.320068,2275.320068,3620410000,2184.443491190002
2017-01-12,2271.139893,2271.780029,2254.25,2270.439941,2270.439941,3462130000,2185.309189430002
2017-01-13,2272.73999,2278.679932,2271.51001,2274.639893,2274.639893,3081270000,2186.229189430002
2017-01-17,2269.139893,2272.080078,2262.810059,2267.889893,2267.889893,3584990000,2187.039089340002
2017-01-18,2269.139893,2272.01001,2263.350098,2271.889893,2271.889893,3315250000,2188.0035888600023
2017-01-19,2271.899902,2274.330078,2258.409912,2263.689941,2263.689941,3165970000,2188.915788560002
2017-01-20,2269.959961,2276.959961,2265.01001,2271.310059,2271.310059,3524970000,2189.938488760002
2017-01-23,2267.780029,2271.780029,2257.02002,2265.199951,2265.199951,3152710000,2190.786689440002
2017-01-24,2267.8798829999996,2284.6298829999996,2266.679932,2280.070068,2280.070068,3810960000,2191.826188950002
2017-01-25,2288.8798829999996,2299.550049,2288.8798829999996,2298.3701170000004,2298.3701170000004,3846020000,2193.1003906100023
2017-01-26,2298.6298829999996,2300.98999,2294.080078,2296.679932,2296.679932,3610360000,2194.3585888600023
2017-01-27,2299.02002,2299.02002,2291.6201170000004,2294.689941,2294.689941,3135890000,2195.505688470002
2017-01-30,2286.01001,2286.01001,2268.040039,2280.899902,2280.899902,3591270000,2196.449887690002
2017-01-31,2274.02002,2279.090088,2267.209961,2278.8701170000004,2278.8701170000004,4087450000,2197.3769897400025
2017-02-01,2285.590088,2289.139893,2272.439941,2279.550049,2279.550049,3916610000,2198.359489740002
2017-02-02,2276.689941,2283.969971,2271.649902,2280.850098,2280.850098,3807710000,2199.889890130002
2017-02-03,2288.540039,2298.310059,2287.8798829999996,2297.419922,2297.419922,3597970000,2201.273688960002
2017-02-06,2294.280029,2296.179932,2288.570068,2292.560059,2292.560059,3109050000,2202.929089350002
2017-02-07,2295.8701170000004,2299.399902,2290.159912,2293.080078,2293.080078,3448690000,2204.602189930002
2017-02-08,2289.550049,2295.909912,2285.3798829999996,2294.669922,2294.669922,3609740000,2206.0762890500023
2017-02-09,2296.699951,2311.080078,2296.610107,2307.8701170000004,2307.8701170000004,3677940000,2207.7633911000025
2017-02-10,2312.27002,2319.22998,2311.100098,2316.100098,2316.100098,3475020000,2209.5331909100023
2017-02-13,2321.719971,2331.580078,2321.419922,2328.25,2328.25,3349730000,2211.418090810002
2017-02-14,2326.1201170000004,2337.580078,2322.169922,2337.580078,2337.580078,3520910000,2213.162690420002
2017-02-15,2335.580078,2351.300049,2334.810059,2349.25,2349.25,3775590000,2214.883391100002
2017-02-16,2349.639893,2351.310059,2338.8701170000004,2347.219971,2347.219971,3672370000,2216.7086914000024
2017-02-17,2343.01001,2351.159912,2339.580078,2351.159912,2351.159912,3513060000,2218.7592895400026
2017-02-21,2354.909912,2366.709961,2354.909912,2365.3798829999996,2365.3798829999996,3579780000,2220.813789050002
2017-02-22,2361.110107,2365.1298829999996,2358.340088,2362.820068,2362.820068,3468670000,2222.728288560002
2017-02-23,2367.5,2368.26001,2355.090088,2363.810059,2363.810059,4015260000,2224.8550903200025
2017-02-24,2355.72998,2367.340088,2352.8701170000004,2367.340088,2367.340088,3831570000,2226.8457910000025
2017-02-27,2365.22998,2371.540039,2361.8701170000004,2369.75,2369.75,3582610000,2228.9312914900024
2017-02-28,2366.080078,2367.790039,2358.959961,2363.639893,2363.639893,4210140000,2231.0627905200026
2017-03-01,2380.1298829999996,2400.97998,2380.1298829999996,2395.959961,2395.959961,4345180000,2233.4250903300026
2017-03-02,2394.75,2394.75,2380.169922,2381.919922,2381.919922,3821320000,2235.6365893500024
2017-03-03,2380.919922,2383.889893,2375.389893,2383.1201170000004,2383.1201170000004,3555260000,2237.9303906200025
2017-03-06,2375.22998,2378.800049,2367.97998,2375.310059,2375.310059,3232700000,2240.0468920900025
2017-03-07,2370.73999,2375.1201170000004,2365.51001,2368.389893,2368.389893,3518390000,2242.3634912200027
2017-03-08,2369.810059,2373.090088,2361.01001,2362.97998,2362.97998,3812100000,2244.601491700003
2017-03-09,2363.48999,2369.080078,2354.540039,2364.8701170000004,2364.8701170000004,3716340000,2246.924692380003
2017-03-10,2372.52002,2376.860107,2363.040039,2372.600098,2372.600098,3432950000,2249.320893560003
2017-03-13,2371.560059,2374.419922,2368.52002,2373.469971,2373.469971,3133900000,2251.790593270003
2017-03-14,2368.550049,2368.550049,2358.179932,2365.449951,2365.449951,3172630000,2254.0490918000028
2017-03-15,2370.340088,2390.01001,2368.939941,2385.26001,2385.26001,3906840000,2256.458791510003
2017-03-16,2387.709961,2388.100098,2377.179932,2381.3798829999996,2381.3798829999996,3365660000,2258.8591894600027
2017-03-17,2383.709961,2385.709961,2377.639893,2378.25,2378.25,5178040000,2261.2300903400023
2017-03-20,2378.23999,2379.550049,2369.659912,2373.469971,2373.469971,3054930000,2263.4514892700026
2017-03-21,2379.320068,2381.929932,2341.899902,2344.02002,2344.02002,4265590000,2265.4600903500027
2017-03-22,2343.0,2351.810059,2336.449951,2348.449951,2348.449951,3572730000,2267.5502905400026
2017-03-23,2345.969971,2358.919922,2342.1298829999996,2345.959961,2345.959961,3260600000,2269.679489760002
2017-03-24,2350.419922,2356.219971,2335.73999,2343.97998,2343.97998,2975130000,2271.8551904400024
2017-03-27,2329.110107,2344.899902,2322.25,2341.590088,2341.590088,3240230000,2274.009592300002
2017-03-28,2339.790039,2363.780029,2337.6298829999996,2358.570068,2358.570068,3367780000,2276.478093270002
2017-03-29,2356.540039,2363.360107,2352.939941,2361.1298829999996,2361.1298829999996,3106940000,2279.109992690002
2017-03-30,2361.310059,2370.419922,2358.580078,2368.060059,2368.060059,3158420000,2281.903994160002
2017-03-31,2364.820068,2370.350098,2362.600098,2362.719971,2362.719971,3354110000,2284.679394550002
2017-04-03,2362.340088,2365.8701170000004,2344.72998,2358.840088,2358.840088,3416400000,2286.9525952300023
2017-04-04,2354.76001,2360.530029,2350.719971,2360.159912,2360.159912,3206240000,2289.158593760002
2017-04-05,2366.590088,2378.360107,2350.52002,2352.949951,2352.949951,3770520000,2291.055493170002
2017-04-06,2353.790039,2364.159912,2348.899902,2357.48999,2357.48999,3201920000,2292.955593270002
2017-04-07,2356.590088,2363.76001,2350.73999,2355.540039,2355.540039,3053150000,2294.8664941500024
2017-04-10,2357.159912,2366.3701170000004,2351.5,2357.159912,2357.159912,2785410000,2296.7960937600023
2017-04-11,2353.919922,2355.219971,2337.25,2353.780029,2353.780029,3117420000,2298.5299951200022
2017-04-12,2352.149902,2352.719971,2341.179932,2344.929932,2344.929932,3196950000,2300.2098950300024
2017-04-13,2341.97998,2348.26001,2328.949951,2328.949951,2328.949951,3143890000,2301.628193370002
2017-04-17,2332.6201170000004,2349.139893,2332.51001,2349.01001,2349.01001,2824710000,2303.299294450002
2017-04-18,2342.530029,2348.350098,2334.540039,2342.189941,2342.189941,3269840000,2304.7393945400017
2017-04-19,2346.790039,2352.6298829999996,2335.050049,2338.169922,2338.169922,3519900000,2306.091694350002
2017-04-20,2342.689941,2361.3701170000004,2340.909912,2355.840088,2355.840088,3647420000,2307.6028955200018
2017-04-21,2354.73999,2356.179932,2344.51001,2348.689941,2348.689941,3503360000,2308.9562939500015
2017-04-24,2370.330078,2376.97998,2369.189941,2374.149902,2374.149902,3690650000,2310.680593260002
2017-04-25,2381.51001,2392.47998,2381.149902,2388.610107,2388.610107,3995240000,2312.5200952100013
2017-04-26,2388.97998,2398.159912,2386.780029,2387.449951,2387.449951,4105920000,2314.406494130001
2017-04-27,2389.699951,2392.100098,2382.679932,2388.77002,2388.77002,4098460000,2316.383393550001
2017-04-28,2393.679932,2393.679932,2382.360107,2384.199951,2384.199951,3718270000,2318.305893550001
2017-05-01,2388.5,2394.48999,2384.830078,2388.330078,2388.330078,3199240000,2320.1420947200013
2017-05-02,2391.050049,2392.929932,2385.820068,2391.169922,2391.169922,3813680000,2321.931494140001
2017-05-03,2386.5,2389.820068,2379.75,2388.1298829999996,2388.1298829999996,3893990000,2323.399291990001
2017-05-04,2389.790039,2391.429932,2380.350098,2389.52002,2389.52002,4362540000,2324.8325927800015
2017-05-05,2392.3701170000004,2399.290039,2389.3798829999996,2399.290039,2399.290039,3540140000,2326.2301928800016
2017-05-08,2399.939941,2401.360107,2393.919922,2399.3798829999996,2399.3798829999996,3429440000,2327.6543921000016
2017-05-09,2401.580078,2403.8701170000004,2392.439941,2396.919922,2396.919922,3653590000,2328.9063916100013
2017-05-10,2396.790039,2399.73999,2392.790039,2399.6298829999996,2399.6298829999996,3643530000,2330.3698901500015
2017-05-11,2394.840088,2395.719971,2381.73999,2394.439941,2394.439941,3727420000,2331.6939892700016
2017-05-12,2392.439941,2392.439941,2387.189941,2390.899902,2390.899902,3305630000,2333.0222876100015
2017-05-15,2393.97998,2404.050049,2393.939941,2402.320068,2402.320068,3473600000,2334.420188000002
2017-05-16,2404.550049,2405.77002,2396.050049,2400.669922,2400.669922,3420790000,2335.719287120002
2017-05-17,2382.949951,2384.8701170000004,2356.209961,2357.030029,2357.030029,4163000000,2336.637788090002
2017-05-18,2354.689941,2375.73999,2352.719971,2365.719971,2365.719971,4319420000,2337.685388190002
2017-05-19,2371.3701170000004,2389.060059,2370.429932,2381.72998,2381.72998,3825160000,2338.864787600002
2017-05-22,2387.209961,2395.459961,2386.919922,2394.02002,2394.02002,3172830000,2340.116188970002
2017-05-23,2397.040039,2400.850098,2393.8798829999996,2398.419922,2398.419922,3213570000,2341.6011889700017
2017-05-24,2401.409912,2405.580078,2397.98999,2404.389893,2404.389893,3389900000,2343.152487800002
2017-05-25,2409.540039,2418.709961,2408.01001,2415.070068,2415.070068,3535390000,2344.914887700002
2017-05-26,2414.5,2416.679932,2412.199951,2415.820068,2415.820068,2805040000,2346.494787600002
2017-05-30,2411.669922,2415.26001,2409.429932,2412.909912,2412.909912,3203160000,2347.9163867200023
2017-05-31,2415.6298829999996,2415.98999,2403.590088,2411.800049,2411.800049,4516110000,2349.344387210002
2017-06-01,2415.649902,2430.060059,2413.540039,2430.060059,2430.060059,3857140000,2350.8751880000023
2017-06-02,2431.280029,2440.22998,2427.709961,2439.070068,2439.070068,3461680000,2352.576889660002
2017-06-05,2437.830078,2439.550049,2434.320068,2436.100098,2436.100098,2912600000,2354.2488916200023
2017-06-06,2431.919922,2436.209961,2428.1201170000004,2429.330078,2429.330078,3357840000,2355.7889917200023
2017-06-07,2432.030029,2435.280029,2424.75,2433.139893,2433.139893,3572300000,2357.4159912400023
2017-06-08,2434.27002,2439.27002,2427.939941,2433.790039,2433.790039,3728860000,2359.0074927000023
2017-06-09,2436.389893,2446.199951,2415.699951,2431.77002,2431.77002,4027340000,2360.6462939700023
2017-06-12,2425.8798829999996,2430.3798829999996,2419.969971,2429.389893,2429.389893,4027750000,2362.221293970002
2017-06-13,2434.149902,2441.48999,2431.280029,2440.350098,2440.350098,3275500000,2363.9878955400022
2017-06-14,2443.75,2443.75,2428.340088,2437.919922,2437.919922,3555590000,2365.653994170002
2017-06-15,2424.139893,2433.949951,2418.530029,2432.459961,2432.459961,3353050000,2367.3265942700023
2017-06-16,2431.23999,2433.149902,2422.8798829999996,2433.149902,2433.149902,5284720000,2368.857392610002
2017-06-19,2442.550049,2453.820068,2441.790039,2453.459961,2453.459961,3264700000,2370.408291050002
2017-06-20,2450.659912,2450.659912,2436.600098,2437.030029,2437.030029,3416510000,2371.8117920200016
2017-06-21,2439.310059,2442.22998,2430.73999,2435.610107,2435.610107,3594820000,2373.220993680002
2017-06-22,2437.399902,2441.6201170000004,2433.27002,2434.5,2434.5,3468210000,2374.7569946600015
2017-06-23,2434.649902,2441.399902,2431.110107,2438.300049,2438.300049,5278330000,2376.3512939800016
2017-06-26,2443.320068,2450.419922,2437.030029,2439.070068,2439.070068,3238970000,2377.9464941700016
2017-06-27,2436.340088,2440.149902,2419.3798829999996,2419.3798829999996,2419.3798829999996,3563910000,2379.3317920200016
2017-06-28,2428.699951,2442.969971,2428.02002,2440.689941,2440.689941,3500800000,2380.764492210001
2017-06-29,2442.3798829999996,2442.72998,2405.699951,2419.699951,2419.699951,3900280000,2382.035891130001
2017-06-30,2429.199951,2432.709961,2421.649902,2423.409912,2423.409912,3361590000,2383.339189470001
2017-07-03,2431.389893,2439.169922,2428.689941,2429.01001,2429.01001,1962290000,2384.682590350001
2017-07-05,2430.780029,2434.899902,2422.050049,2432.540039,2432.540039,3367220000,2385.929289570001
2017-07-06,2423.439941,2424.280029,2407.699951,2409.75,2409.75,3364520000,2386.865788590001
2017-07-07,2413.52002,2426.919922,2413.52002,2425.179932,2425.179932,2901330000,2387.835087910001
2017-07-10,2424.51001,2432.0,2422.27002,2427.429932,2427.429932,2999130000,2388.733586450001
2017-07-11,2427.350098,2429.300049,2412.790039,2425.530029,2425.530029,3106750000,2389.496386740001
2017-07-12,2435.75,2445.76001,2435.75,2443.25,2443.25,3171620000,2390.456687030001
2017-07-13,2444.98999,2449.320068,2441.689941,2447.830078,2447.830078,3067670000,2391.423388690001
2017-07-14,2449.159912,2463.540039,2446.689941,2459.27002,2459.27002,2736640000,2392.3622900600008
2017-07-17,2459.5,2462.820068,2457.159912,2459.139893,2459.139893,2793170000,2393.325488310001
2017-07-18,2455.8798829999996,2460.919922,2450.340088,2460.610107,2460.610107,2962130000,2394.293488790001
2017-07-19,2463.850098,2473.830078,2463.850098,2473.830078,2473.830078,3059760000,2395.358388690001
2017-07-20,2475.560059,2477.6201170000004,2468.429932,2473.449951,2473.449951,3182780000,2396.3953882000005
2017-07-21,2467.399902,2472.540039,2465.060059,2472.540039,2472.540039,3059570000,2397.484389660001
2017-07-24,2472.040039,2473.100098,2466.320068,2469.909912,2469.909912,3010240000,2398.223889170001
2017-07-25,2477.8798829999996,2481.23999,2474.909912,2477.1298829999996,2477.1298829999996,4108060000,2399.175988780001
2017-07-26,2479.969971,2481.689941,2474.939941,2477.830078,2477.830078,3557020000,2400.1230883900007
2017-07-27,2482.76001,2484.040039,2459.929932,2475.419922,2475.419922,3995520000,2401.1241870200006
2017-07-28,2469.1201170000004,2473.530029,2464.659912,2472.100098,2472.100098,3294770000,2402.1612890700003
2017-07-31,2475.939941,2477.959961,2468.530029,2470.300049,2470.300049,3469210000,2403.2344897600005
2017-08-01,2477.100098,2478.51001,2471.139893,2476.350098,2476.350098,3460860000,2404.34928957
2017-08-02,2480.3798829999996,2480.3798829999996,2466.47998,2477.570068,2477.570068,3478580000,2405.39898927
2017-08-03,2476.030029,2476.030029,2468.850098,2472.159912,2472.159912,3645020000,2406.3858886800003
2017-08-04,2476.8798829999996,2480.0,2472.080078,2476.830078,2476.830078,3235140000,2407.49968995
2017-08-07,2477.139893,2480.949951,2475.8798829999996,2480.909912,2480.909912,2931780000,2408.4561889700003
2017-08-08,2478.350098,2490.8701170000004,2470.320068,2474.919922,2474.919922,3344640000,2409.3915893600006
2017-08-09,2465.350098,2474.409912,2462.080078,2474.02002,2474.02002,3308060000,2410.3492895600007
2017-08-10,2465.3798829999996,2465.3798829999996,2437.75,2438.209961,2438.209961,3621070000,2410.99668946
2017-08-11,2441.040039,2448.090088,2437.850098,2441.320068,2441.320068,3159930000,2411.96968994
2017-08-14,2454.959961,2468.219971,2454.959961,2465.840088,2465.840088,2822550000,2413.1435913100004
2017-08-15,2468.659912,2468.899902,2461.610107,2464.610107,2464.610107,2913100000,2414.33009277
2017-08-16,2468.6298829999996,2474.929932,2463.860107,2468.110107,2468.110107,2953650000,2415.57139404
2017-08-17,2462.949951,2465.02002,2430.01001,2430.01001,2430.01001,3142620000,2416.45559326
2017-08-18,2427.639893,2440.27002,2420.689941,2425.550049,2425.550049,3415680000,2417.1253930700004
2017-08-21,2425.5,2430.580078,2417.350098,2428.3701170000004,2428.3701170000004,2788150000,2417.7977954100006
2017-08-22,2433.75,2454.77002,2433.669922,2452.51001,2452.51001,2777490000,2418.6422949200005
2017-08-23,2444.8798829999996,2448.909912,2441.419922,2444.040039,2444.040039,2785290000,2419.4554956000006
2017-08-24,2447.909912,2450.389893,2436.189941,2438.969971,2438.969971,2846590000,2420.256794430001
2017-08-25,2444.719971,2453.959961,2442.219971,2443.050049,2443.050049,2588780000,2421.085695800001
2017-08-28,2447.350098,2449.1201170000004,2439.030029,2444.23999,2444.23999,2677700000,2421.9985961900006
2017-08-29,2431.939941,2449.189941,2428.199951,2446.300049,2446.300049,2737580000,2422.886696780001
2017-08-30,2446.060059,2460.310059,2443.77002,2457.590088,2457.590088,2633660000,2423.907197270001
2017-08-31,2462.649902,2475.01001,2462.649902,2471.649902,2471.649902,3348110000,2425.0520971700007
2017-09-01,2474.419922,2480.3798829999996,2473.850098,2476.550049,2476.550049,2710730000,2426.2797973700012
2017-09-05,2470.350098,2471.969971,2446.550049,2457.850098,2457.850098,3490260000,2427.408999030001
2017-09-06,2463.830078,2469.639893,2459.199951,2465.540039,2465.540039,3374410000,2428.7748999100013
2017-09-07,2468.060059,2468.6201170000004,2460.290039,2465.100098,2465.100098,3353930000,2429.9358007900014
2017-09-08,2462.25,2467.110107,2459.399902,2461.429932,2461.429932,3302490000,2431.1282007000013
2017-09-11,2474.52002,2488.949951,2474.52002,2488.110107,2488.110107,3291760000,2432.627602550001
2017-09-12,2491.939941,2496.77002,2490.3701170000004,2496.47998,2496.47998,3230920000,2434.0340014700014
2017-09-13,2493.889893,2498.3701170000004,2492.139893,2498.3701170000004,2498.3701170000004,3368050000,2435.5308032300013
2017-09-14,2494.560059,2498.429932,2491.350098,2495.6201170000004,2495.6201170000004,3414460000,2436.7455053800018
2017-09-15,2495.669922,2500.22998,2493.159912,2500.22998,2500.22998,4853170000,2437.861704110002
2017-09-18,2502.51001,2508.320068,2499.919922,2503.8701170000004,2503.8701170000004,3194300000,2439.025905770002
2017-09-19,2506.290039,2507.840088,2503.189941,2506.649902,2506.649902,3249100000,2440.204704590002
2017-09-20,2506.840088,2508.850098,2496.669922,2508.23999,2508.23999,3530010000,2441.4451049800023
2017-09-21,2507.159912,2507.159912,2499.0,2500.600098,2500.600098,2930860000,2442.5678051800023
2017-09-22,2497.26001,2503.469971,2496.540039,2502.219971,2502.219971,2865960000,2443.6783056700024
2017-09-25,2499.389893,2502.540039,2488.030029,2496.659912,2496.659912,3297890000,2444.7636059600027
2017-09-26,2501.040039,2503.51001,2495.1201170000004,2496.840088,2496.840088,3043110000,2445.8368066400026
2017-09-27,2503.300049,2511.75,2495.909912,2507.040039,2507.040039,3456030000,2446.9143066400025
2017-09-28,2503.409912,2510.810059,2502.929932,2510.060059,2510.060059,3168620000,2448.0211084000025
2017-09-29,2509.959961,2519.439941,2507.98999,2519.360107,2519.360107,3211920000,2449.2455102500026
2017-10-02,2521.199951,2529.22998,2520.399902,2529.1201170000004,2529.1201170000004,3199730000,2450.5404125900027
2017-10-03,2530.340088,2535.1298829999996,2528.850098,2534.580078,2534.580078,3068850000,2451.941813960003
2017-10-04,2533.47998,2540.530029,2531.800049,2537.73999,2537.73999,3017120000,2453.410214840003
2017-10-05,2540.860107,2552.51001,2540.02002,2552.070068,2552.070068,3045120000,2454.907714840003
2017-10-06,2547.439941,2549.409912,2543.790039,2549.330078,2549.330078,2884570000,2456.394316400003
2017-10-09,2551.389893,2551.820068,2541.600098,2544.72998,2544.72998,2483970000,2458.271315910003
2017-10-10,2549.98999,2555.22998,2544.860107,2550.639893,2550.639893,2960500000,2460.1205151300032
2017-10-11,2550.6201170000004,2555.23999,2547.949951,2555.23999,2555.23999,2976090000,2461.855615230003
2017-10-12,2552.8798829999996,2555.330078,2548.310059,2550.929932,2550.929932,3151510000,2463.424714350003
2017-10-13,2555.659912,2557.649902,2552.090088,2553.169922,2553.169922,3149440000,2464.972214350003
2017-10-16,2555.570068,2559.469971,2552.639893,2557.639893,2557.639893,2916020000,2466.5047143500033
2017-10-17,2557.169922,2559.709961,2554.689941,2559.360107,2559.360107,2889390000,2467.947614740003
2017-10-18,2562.8701170000004,2564.110107,2559.669922,2561.26001,2561.26001,2998090000,2469.402014160003
2017-10-19,2553.389893,2562.360107,2547.919922,2562.100098,2562.100098,2990710000,2470.893916020003
2017-10-20,2567.560059,2575.439941,2567.560059,2575.209961,2575.209961,3384650000,2472.5280151400025
2017-10-23,2578.080078,2578.290039,2564.330078,2564.97998,2564.97998,3211710000,2473.8772143500023
2017-10-24,2568.659912,2572.179932,2565.580078,2569.1298829999996,2569.1298829999996,3427330000,2475.1778125000023
2017-10-25,2566.52002,2567.399902,2544.0,2557.149902,2557.149902,3874510000,2476.3883105400023
2017-10-26,2560.080078,2567.070068,2559.800049,2560.399902,2560.399902,3869050000,2477.6990087800023
2017-10-27,2570.26001,2582.97998,2565.939941,2581.070068,2581.070068,3887110000,2479.1783105300024
2017-10-30,2577.75,2580.030029,2568.25,2572.830078,2572.830078,3658870000,2480.568710920002
2017-10-31,2575.98999,2578.290039,2572.149902,2575.26001,2575.26001,3827230000,2482.003610820002
2017-11-01,2583.209961,2588.399902,2574.919922,2579.360107,2579.360107,3813180000,2483.503312960002
2017-11-02,2579.459961,2581.110107,2566.169922,2579.850098,2579.850098,4048270000,2484.898312960002
2017-11-03,2581.929932,2588.419922,2576.77002,2587.840088,2587.840088,3567710000,2486.397514620002
2017-11-06,2587.469971,2593.3798829999996,2585.659912,2591.1298829999996,2591.1298829999996,3539080000,2487.9842138400018
2017-11-07,2592.110107,2597.02002,2584.350098,2590.639893,2590.639893,3809650000,2489.559113750002
2017-11-08,2588.709961,2595.469971,2585.02002,2594.3798829999996,2594.3798829999996,3899360000,2490.968312970002
2017-11-09,2584.0,2586.5,2566.330078,2584.6201170000004,2584.6201170000004,3831610000,2492.444213850002
2017-11-10,2580.179932,2583.810059,2575.570068,2582.300049,2582.300049,3486910000,2493.9111132700027
2017-11-13,2576.530029,2587.659912,2574.47998,2584.840088,2584.840088,3402930000,2495.4145141500026
2017-11-14,2577.75,2579.659912,2566.560059,2578.8701170000004,2578.8701170000004,3641760000,2496.8202148300024
2017-11-15,2569.449951,2572.840088,2557.449951,2564.6201170000004,2564.6201170000004,3558890000,2498.0757153200025
2017-11-16,2572.949951,2590.090088,2572.949951,2585.639893,2585.639893,3312710000,2499.738315420003
2017-11-17,2582.939941,2583.959961,2577.6201170000004,2578.850098,2578.850098,3300160000,2501.119916990003
2017-11-20,2579.48999,2584.639893,2578.23999,2582.139893,2582.139893,3003540000,2502.744316410003
2017-11-21,2589.169922,2601.189941,2589.169922,2599.030029,2599.030029,3332720000,2504.500517580003
2017-11-22,2600.310059,2600.939941,2595.22998,2597.080078,2597.080078,2762950000,2506.181218260003
2017-11-24,2600.419922,2604.209961,2600.419922,2602.419922,2602.419922,1349780000,2507.880017090003
2017-11-27,2602.659912,2606.409912,2598.8701170000004,2601.419922,2601.419922,3006860000,2509.796716310003
2017-11-28,2605.939941,2627.689941,2605.439941,2627.040039,2627.040039,3488420000,2511.8153173800033
2017-11-29,2627.820068,2634.889893,2620.320068,2626.070068,2626.070068,4078280000,2513.8017187400033
2017-11-30,2633.929932,2657.73999,2633.929932,2647.580078,2647.580078,4938490000,2516.0222192300034
2017-12-01,2645.100098,2650.6201170000004,2605.52002,2642.219971,2642.219971,3942320000,2518.0119189400034
2017-12-04,2657.189941,2665.189941,2639.030029,2639.439941,2639.439941,4023150000,2519.9280175700032
2017-12-05,2639.780029,2648.719971,2627.72998,2629.570068,2629.570068,3539040000,2521.631018050003
2017-12-06,2626.23999,2634.409912,2624.75,2629.27002,2629.27002,3229000000,2523.332319320003
2017-12-07,2628.3798829999996,2640.98999,2626.530029,2636.97998,2636.97998,3292400000,2525.0960180500033
2017-12-08,2646.209961,2651.649902,2644.100098,2651.5,2651.5,3106150000,2526.8727172700032
2017-12-11,2652.189941,2660.330078,2651.469971,2659.98999,2659.98999,3091950000,2528.7381176600034
2017-12-12,2661.72998,2669.719971,2659.780029,2664.110107,2664.110107,3555680000,2530.653818340003
2017-12-13,2667.590088,2671.8798829999996,2662.850098,2662.850098,2662.850098,3542370000,2532.5832202000033
2017-12-14,2665.8701170000004,2668.090088,2652.01001,2652.01001,2652.01001,3430030000,2534.3320214700034
2017-12-15,2660.6298829999996,2679.6298829999996,2659.139893,2675.810059,2675.810059,5723920000,2536.311821280003
2017-12-18,2685.919922,2694.969971,2685.919922,2690.159912,2690.159912,3724660000,2538.459221180003
2017-12-19,2692.709961,2694.439941,2680.73999,2681.469971,2681.469971,3368590000,2540.5529199100038
2017-12-20,2688.179932,2691.01001,2676.110107,2679.25,2679.25,3241030000,2542.6424194200035
2017-12-21,2683.02002,2692.639893,2682.399902,2684.570068,2684.570068,3273390000,2544.7246191200034
2017-12-22,2684.219971,2685.350098,2678.1298829999996,2683.340088,2683.340088,2399830000,2546.7823193200034
2017-12-26,2679.090088,2682.73999,2677.959961,2680.5,2680.5,1968780000,2548.8657202000036
2017-12-27,2682.100098,2685.639893,2678.909912,2682.6201170000004,2682.6201170000004,2202080000,2550.9236205900033
2017-12-28,2686.100098,2687.659912,2682.689941,2687.540039,2687.540039,2153330000,2552.9899218600035
2017-12-29,2689.149902,2692.1201170000004,2673.610107,2673.610107,2673.610107,2443490000,2554.9768237100034
